Asset_Class,Source,Optimized_Threshold
Asset_1,cmf2,0.793278272036051
Asset_2,nb2,0.6924155312567412
Asset_3,nb3,0.5329419024072257
Asset_4,gibf1,0.6863451080034453
